{
  "tekil_duygular": {
    "anksiyete": {
      "aciklama": "Kişi şu an endişe ve tedirginlik yaşıyor. Kendinizi şu anki hislerini normalize etmek için ‘Bu duygu geçici ve kontrol edilebilir’ cümlesiyle karşılarsanız yardımcı olabilir. Nefes odaklı kısa bir egzersiz (4 saniye nefes al, 6 saniye nefes ver) önerin ve devamında ‘Şimdi neler daha sakinleştirici geliyor?’ diye açık uçlu soru sorun."
    },
    "bipolar": {
      "aciklama": "Kişinin duygu durumunda hızla iniş çıkışlar var. Ona ‘Şu anda hissettiğiniz iki uç arasındaki farkı nasıl tarif edersiniz?’ diye sorarak farkındalık geliştirmesine destek olun. Ardından, duygularını günlüğe kaydetmesini ve bir sonraki görüşmenize ‘En yoğun hissettiğiniz anı’ not etmesini tavsiye edin."
    },
    "depresyon": {
      "aciklama": "Danışanınız derin bir hüzün içinde. ‘Şu an söylediğiniz kelimelerden anlıyorum ki acı verici bir şey yaşıyorsunuz; bu duyguları anlatmak iyileştirici olabilir’ diyerek güvenli bir alan yaratın. Ona, ‘Bu duyguyla başa çıkmak için beni dinlemeye devam etmek veya bir yakınınıza açılmak ne hissettirir?’ sorusunu yöneltin."
    },
    "hakaret": {
      "aciklama": "Kişi sert, saldırgan ifadeler kullanıyor. ‘Bu öfkeye neyin tetiklediğini birlikte keşfetmek ister misiniz?’ şeklinde, saldırganlık yerine duygusunun kaynağına odaklanın. Ayrıca, ‘Şimdi kendinizi dinlemek ve bu duyguları güvenli bir ortamda ifade etmek ister misiniz?’ diye davet edin."
    },
    "intihar eğilimi": {
      "aciklama": "Danışanınız intihar fikrini dile getiriyor; bu kritik bir uyarı. ‘Bu düşüncelerin ne sıklıkta ve ne kadar yoğunlukta olduğunu benimle paylaşmak ister misiniz?’ diye sorarak derinlemesine açılmasını sağlayın. Hemen ‘Güvendiğiniz bir yakınınıza ya da kriz hattına (ör. 182 ALO 182) başvurmak şu an sizin için iyi bir adım olabilir’ önerisinin yanı sıra, ‘Şimdi burada güvende hissettiren bir şey düşünelim mi?’ teklif edin."
    },
    "kişilik bozukluğu": {
      "aciklama": "Danışan kendini savunmasız ve kuşkulu hissediyor. ‘Bana güveneceğiniz küçük bir adım atmaya hazır mısınız, mesela şu anki hislerinizi bir cümleyle özetleyebilir misiniz?’ deyin. Ardından, ‘Bu hislerle baş ederken en çok ne işe yarıyor, ne rahatlatıyor?’ sorusuyla kaynakları keşfedin."
    },
    "nefret söylemi": {
      "aciklama": "Danışan oldukça güçlü, düşmanca ifadeler kullanıyor. ‘Bu duyguları nereden alıyorsunuz, hayatınızın hangi bölümünde alevlendi?’ şeklinde kaynağa yönelin. Ardından, ‘Bu hislerin öncesinde size iyi gelen bir yöntem var mıydı?’ sorusuyla alternatif coping stratejileri bulmasına yardım edin."
    },
    "normal": {
      "aciklama": "Kişi şu anda duygusal olarak dengede gözüküyor. ‘Şu an hissettiğiniz bu sakinliği korumak için neler yapıyorsunuz?’ diye sorarak olumlu davranışları pekiştirin. Ayrıca, ‘Bu anı hatırlayacağınız bir hatırlatıcı oluşturmak ister misiniz?’ diyerek farkındalığını güçlendirin."
    },
    "sevinç": {
      "aciklama": "Danışan mutlu, enerjik bir ruh hali sergiliyor. ‘Bu mutluluğun kaynağı nedir, hatırladığınız ilk an nedir?’ sorusuyla olumlu duyguyu derinleştirin. Ardından, ‘Bu hissi destekleyecek küçük bir eylem planı yapalım mı?’ teklif edin."
    },
    "stres": {
      "aciklama": "Kişi gerginlik ve baskı altında hissediyor. ‘Şu an en çok hangi düşünce sizi meşgul ediyor?’ diye odaklanmasını sağlayın. Sonra, ‘Bu stresi hafifletmek için neler denemek istersiniz: kısa bir yürüyüş, nefes tekniği veya bir müzik parçası?’ seçenekleri sunun."
    },
    "tehdit": {
      "aciklama": "Danışan tehdit dolu ifadeler kuruyor; bu risk barındırır. ‘Böyle hissetmenize neden olan bir durum var mı, güvenliğini tehdit eden bir şey mi oldu?’ diye açık uçlu soru sorun. Ardından, ‘Güvende hissetmek için ne gibi adımlar atabiliriz?’ sorusuyla birlikte güvenlik planı oluşturun."
    },
    "umutlu": {
      "aciklama": "Kişi iyimser ve beklenti içinde. ‘Bu umudun kaynağı sizce nedir, kendinize ne söylüyorsunuz?’ diyerek olumlu bakış açısını pekiştirin. Ayrıca, ‘Bu umudu korumak için haftalık küçük hedefler belirleyelim mi?’ sorusuyla somut adımlar atın."
    },
    "öfke": {
      "aciklama": "Danışan öfkesini dile getiriyor. ‘Bu öfkenin kökeni nedir, hangi olay sizi bu kadar kızdırdı?’ diye derine inin. Ardından, ‘Bu duygu geçici; şimdi derin nefes alıp sizin için rahatlatıcı bir eylem düşünelim’ önerisiyle öfkeyi düzenleme stratejisi sunun."
    },
    "üzgünlük": {
      "aciklama": "Kişi hüzünlü, moral bozukluğu yaşıyor. ‘Bu hüznü ne tetikledi, ne zaman başladı?’ diye empatik bir kapı açın. Sonrasında, ‘Kendinize şefkat göstermek adına şimdi ne yapabilirsiniz?’ sorusuyla öz-şefkat yöntemlerine yönlendirin."
    }
  }
}
